id,text,created_at,author_id,retweet_count,like_count,reply_count,sentiment_score,sentiment_category,analysis_timestamp
1880683305684857019,"ğŸ¯ AI tools can analyze data in real time, giving businesses insights into customer behavior, trends, and pain points. Make data-driven decisions that lead to growth and improved strategy! ğŸ“Š #DataAnalytics #BusinessGrowth #AIInsights",2025-01-18 18:26:56+00:00,2671424650,0,0,0,0.6239,positive,2025-01-19T01:29:55.943470
1880604831657943061,"With AI-driven sales analytics, sales teams can analyze vast amounts of customer data, gaining insights into their preferences and pain points. This enables them to develop targeted solutions and build stronger, more meaningful relationships with their clients.",2025-01-18 13:15:06+00:00,1879930992384782350,0,0,0,0.659,positive,2025-01-19T01:29:56.859295
1880583054927815070,"When reviewing a branding project like Make Do Media, remember to analyze the target audience's needs and pain points to ensure the brand identity resonates with them",2025-01-18 11:48:34+00:00,1691371761248387072,0,0,0,0.2023,positive,2025-01-19T01:29:57.119903
1880526618516451535,"If Youâ€™re Not Using This, Youâ€™re Missing Out on Your Next Big Idea

I built an AI Agent that can analyze thousands of Tweets to uncover user pain points and identify product ideas that people are willing to pay for.

The best part? Iâ€™m saving all of these insights in a searchableâ€¦ https://t.co/Dx91tCBuRw https://t.co/SsiphpQKXf",2025-01-18 08:04:19+00:00,562887391,0,3,1,-0.1779,negative,2025-01-19T01:29:57.687272
1880526560266199284,"If Youâ€™re Not Using This, Youâ€™re Missing Out on Your Next Big Idea

I built an AI Agent that can analyze thousands of Tweets to uncover user pain points and identify product ideas that people are willing to pay for.

The best part? Iâ€™m saving all of these insights in a searchableâ€¦ https://t.co/UXK5FdftlH https://t.co/SPxu0KCp63",2025-01-18 08:04:05+00:00,562887391,0,0,0,-0.1779,negative,2025-01-19T01:29:57.992384
1880526489310908522,"If Youâ€™re Not Using This, Youâ€™re Missing Out on Your Next Big Idea

I built an AI Agent that can analyze thousands of Tweets to uncover user pain points and identify product ideas that people are willing to pay for.

The best part? Iâ€™m saving all of these insights in a searchableâ€¦ https://t.co/QbIWErlw12 https://t.co/euVQv41lh2",2025-01-18 08:03:48+00:00,562887391,0,0,0,-0.1779,negative,2025-01-19T01:29:58.299699
1880277499252470209,"Are you losing potential customers every day?

AI steps in to save the day.

With AI, you can:

â†³Â Automate follow-ups at the perfect time.
â†³Â Analyze thousands of user behaviors in minutes.
â†³Â Identify pain points before they become deal-breakers.

Don't lose by ignoring Ai https://t.co/xyJ0FHf75t",2025-01-17 15:34:24+00:00,1875187172208246784,0,1,0,0.6722,positive,2025-01-19T01:29:58.605473
1880230810210734081,"RT @marcobatt: How I create tons of winning ads

- Find the best performing ones
- Analyze audience's pain points
- Make one variation at aâ€¦",2025-01-17 12:28:52+00:00,1417820532234354696,1,0,0,0.7506,positive,2025-01-19T01:29:58.928945
1879914606493061567,"Folashade Uba recommends using machine learning to analyze queries, uncover customer pain points, identify search intent, and spot patterns in this data.

https://t.co/Ak3Nuxyzxm https://t.co/9s0IduiFzV",2025-01-16 15:32:23+00:00,23752651,0,0,0,-0.34,negative,2025-01-19T01:29:59.214412
1879868137111224521,"ğŸ§‘â€ğŸ¤â€ğŸ§‘ Creating detailed buyer personas is crucial for effective marketing! Start by gathering data on demographics, behaviors, and pain points. Analyze your best customers and use insights to craft personas. ğŸ“Šâœ¨ 

Need a head start? Check out our FREE persâ€¦ https://t.co/30WMP4wI5Z",2025-01-16 12:27:44+00:00,1516169226804936707,0,0,0,0.8891,positive,2025-01-19T01:29:59.523085
